method,lambda_value,accuracy,avg_total_tokens,avg_additional_tokens,avg_latency,utility,num_examples,stop_count,verify_count,sc3_count,eval_split,cost_normalizer
Always STOP,0.1,0.35714285714285715,294.85714285714283,0.0,5.007139001573835,0.326731732329059,14,14,0,0,test,969.57
Always VERIFY,0.1,0.5,912.1428571428571,617.2857142857143,11.937739082745143,0.4059229496433618,14,0,14,0,test,969.57
Always SC-3,0.1,0.42857142857142855,964.8571428571429,670.0,15.454577190535408,0.32905750560999797,14,0,0,14,test,969.57
Random Router,0.1,0.42857142857142855,709.3571428571429,414.5,11.15868524142674,0.35540939356032647,14,5,2,7,test,969.57
Length Threshold Router,0.1,0.35714285714285715,635.7142857142857,340.85714285714283,10.08232581615448,0.2915762362991547,14,7,0,7,test,969.57
Oracle Router,0.1,0.6428571428571429,476.07142857142856,181.21428571428572,7.059133325304304,0.5937558475848645,14,10,4,0,test,969.57
"Controller (state_aware, logistic) calibrated",0.1,0.35714285714285715,341.07142857142856,46.214285714285715,5.518784693309239,0.32196526000480336,14,13,1,0,test,969.57
"Controller (state_aware, random_forest) calibrated",0.1,0.42857142857142855,387.35714285714283,92.5,6.033329571996417,0.38861999207306924,14,12,2,0,test,969.57
"Controller (state_aware, value_predictor)",0.1,0.5714285714285714,524.4285714285714,229.57142857142858,7.570934414863586,0.5173397927505419,14,9,5,0,test,969.57
