method,lambda_value,accuracy,avg_total_tokens,avg_additional_tokens,avg_latency,utility,num_examples,stop_count,verify_count,sc3_count,eval_split,cost_normalizer
Always STOP,0.1,0.29,299.23,0.0,4.016454648971558,0.25898335302775877,100,100,0,0,all,964.74
Always VERIFY,0.1,0.44,913.54,614.31,9.279303200244904,0.34530712938200964,100,0,100,0,all,964.74
Always SC-3,0.1,0.32,964.74,665.51,12.172039568424225,0.22,100,0,0,100,all,964.74
Random Router,0.1,0.34,754.39,455.16,8.849773933887482,0.26180380206065884,100,29,34,37,all,964.74
Length Threshold Router,0.1,0.3,663.34,364.11,8.334264903068542,0.2312415780417522,100,48,0,52,all,964.74
Oracle Router,0.1,0.53,445.66,146.43,5.298486309051514,0.4838051703049526,100,76,21,3,all,964.74
Controller (state_aware),0.1,0.47,776.28,477.05,8.84777827501297,0.38953479694010823,100,26,44,30,all,964.74
