method,lambda_value,accuracy,avg_total_tokens,avg_additional_tokens,avg_latency,utility,num_examples,stop_count,verify_count,sc3_count,eval_split,cost_normalizer
Always STOP,0.1,0.35,287.5,0.0,3.922009837627411,0.3193251533742331,20,20,0,0,all,937.25
Always VERIFY,0.1,0.5,877.8,590.3,8.91777503490448,0.4063430248066151,20,0,20,0,all,937.25
Always SC-3,0.1,0.45,937.25,649.75,12.007347548007965,0.35,20,0,0,20,all,937.25
Random Router,0.1,0.45,699.05,411.55,8.600219857692718,0.3754147772739397,20,7,4,9,all,937.25
Length Threshold Router,0.1,0.4,653.4,365.9,8.349615514278412,0.330285409442518,20,9,0,11,all,937.25
Oracle Router,0.1,0.6,433.65,146.15,5.282268369197846,0.5537316617764737,20,15,3,2,all,937.25
Controller (state_aware),0.1,0.5,548.2,260.7,6.6066934466362,0.4415097359295812,20,12,4,4,all,937.25
