method,lambda_value,accuracy,avg_total_tokens,avg_additional_tokens,avg_latency,utility,num_examples,stop_count,verify_count,sc3_count,eval_split,cost_normalizer
Always STOP,0.1,0.2,306.6,0.0,4.295369470119477,0.16733954727030625,20,20,0,0,all,938.75
Always VERIFY,0.1,0.15,838.8,532.2,8.569203901290894,0.060647137150466046,20,0,20,0,all,938.75
Always SC-3,0.1,0.2,938.75,632.15,12.923300588130951,0.09999999999999999,20,0,0,20,all,938.75
Random Router,0.1,0.15,746.65,440.05,9.435677564144134,0.07046338215712383,20,5,6,9,all,938.75
Length Threshold Router,0.1,0.2,636.95,330.35,8.593383061885834,0.1321491344873502,20,10,0,10,all,938.75
Oracle Router,0.1,0.2,306.6,0.0,4.295369470119477,0.16733954727030625,20,20,0,0,all,938.75
Controller (state_aware),0.1,0.2,306.6,0.0,4.295369470119477,0.16733954727030625,20,20,0,0,all,938.75
