method,lambda_value,accuracy,avg_total_tokens,avg_additional_tokens,avg_latency,utility,num_examples,stop_count,verify_count,sc3_count,eval_split,cost_normalizer
Always STOP,0.1,0.25333333333333335,299.68,0.0,4.094645086129506,0.22232757044961532,300,300,0,0,all,966.53
Always VERIFY,0.1,0.37,916.1566666666666,616.4766666666667,9.481505759557088,0.27521177131939345,300,0,300,0,all,966.53
Always SC-3,0.1,0.2866666666666667,966.53,666.85,12.408002511660259,0.18666666666666668,300,0,0,300,all,966.53
Random Router,0.1,0.33,757.4266666666666,457.74666666666667,8.948446056842805,0.25163443797226503,300,86,109,105,all,966.53
Length Threshold Router,0.1,0.26666666666666666,651.8033333333333,352.12333333333333,8.326537923018138,0.19922920136984884,300,150,0,150,all,966.53
Oracle Router,0.1,0.47333333333333333,435.64666666666665,135.96666666666667,5.336192042827606,0.4282600643539259,300,234,57,9,all,966.53
"Controller (state_aware, logistic) calibrated",0.1,0.37333333333333335,624.2066666666667,324.52666666666664,6.970904966195424,0.3087510992933484,300,143,153,4,all,966.53
"Controller (state_aware, random_forest) calibrated",0.1,0.43,484.82666666666665,185.14666666666668,5.730233168601989,0.3798384254325612,300,210,86,4,all,966.53
"Controller (state_aware, value_predictor)",0.1,0.4,778.2766666666666,478.5966666666667,8.36881604274114,0.31947723643687553,300,73,215,12,all,966.53
