method,lambda_value,accuracy,avg_total_tokens,avg_additional_tokens,avg_latency,utility,num_examples,stop_count,verify_count,sc3_count,eval_split,cost_normalizer
Always STOP,0.1,0.32,299.87,0.0,5.1414111971855165,0.2890718565962231,100,100,0,0,all,969.57
Always VERIFY,0.1,0.54,912.76,612.89,11.800542874336243,0.44585929845189104,100,0,100,0,all,969.57
Always SC-3,0.1,0.34,969.57,669.7,15.64892173051834,0.24,100,0,0,100,all,969.57
Random Router,0.1,0.4,753.98,454.11,11.289387469291688,0.32223563022783297,100,29,34,37,all,969.57
Length Threshold Router,0.1,0.33,664.11,364.24,10.633435769081116,0.26150468764503854,100,48,0,52,all,969.57
Oracle Router,0.1,0.6,472.56,172.69,7.076141815185547,0.5512608682199326,100,72,25,3,all,969.57
"Controller (state_aware, logistic) calibrated",0.1,0.35,350.99,51.12,5.717586390972137,0.31379941623606344,100,92,7,1,all,969.57
"Controller (state_aware, random_forest) calibrated",0.1,0.5,482.26,182.39,7.106698362827301,0.4502604247243624,100,71,28,1,all,969.57
"Controller (state_aware, value_predictor)",0.1,0.54,646.98,347.11,8.998946821689605,0.4732714502305146,100,45,53,2,all,969.57
