method,lambda_value,accuracy,avg_total_tokens,avg_additional_tokens,avg_latency,utility,num_examples,stop_count,verify_count,sc3_count,eval_split,cost_normalizer
Always STOP,0.1,0.21428571428571427,298.85714285714283,0.0,4.050753389086042,0.18330771577242128,14,14,0,0,test,964.74
Always VERIFY,0.1,0.35714285714285715,896.0,597.1428571428571,8.978218827928815,0.2642680929576881,14,0,14,0,test,964.74
Always SC-3,0.1,0.35714285714285715,957.4285714285714,658.5714285714286,12.049008028847831,0.2579007223263707,14,0,0,14,test,964.74
Random Router,0.1,0.42857142857142855,691.1428571428571,392.2857142857143,8.435207418033055,0.35693110504976916,14,5,2,7,test,964.74
Length Threshold Router,0.1,0.21428571428571427,644.3571428571429,345.5,8.186037250927516,0.14749495793093031,14,7,0,7,test,964.74
Oracle Router,0.1,0.5,457.7142857142857,158.85714285714286,5.589830636978149,0.45255568487734665,14,10,2,2,test,964.74
Controller (state_aware),0.1,0.42857142857142855,747.5714285714286,448.7142857142857,8.291415197508675,0.35108200877216367,14,4,7,3,test,964.74
