method,lambda_value,accuracy,avg_total_tokens,avg_additional_tokens,avg_latency,utility,num_examples,stop_count,verify_count,sc3_count,eval_split,cost_normalizer
Always STOP,0.1,0.19148936170212766,303.8936170212766,0.0,4.114408964806414,0.16004764576767383,47,47,0,0,test,966.53
Always VERIFY,0.1,0.2978723404255319,922.1063829787234,618.2127659574468,9.448768245412948,0.20246853682101643,47,0,47,0,test,966.53
Always SC-3,0.1,0.2765957446808511,974.4893617021277,670.5957446808511,12.43122865291352,0.17577224601012922,47,0,0,47,test,966.53
Random Router,0.1,0.2978723404255319,766.5744680851063,462.6808510638298,9.15799674581974,0.21856032030353814,47,13,15,19,test,966.53
Length Threshold Router,0.1,0.2127659574468085,664.4042553191489,360.51063829787233,8.43171591454364,0.1440247641761238,47,23,0,24,test,966.53
Oracle Router,0.1,0.40425531914893614,431.531914893617,127.63829787234043,5.403673618397814,0.3596077743346399,47,37,6,4,test,966.53
Controller (state_aware),0.1,0.2978723404255319,771.1063829787234,467.21276595744683,8.48312157772957,0.2180914352307916,47,12,29,6,test,966.53
